laser_scanner_point_clouds_id,visit_id
168483,416407
168485,416407
168487,416407
168488,416407
168472,416411
168473,416411
168477,416418
168479,416418
168480,416418
173174,420673
173175,420673
173178,420673
173180,420673
173144,420683
173146,420683
173147,420683
173386,420693
173387,420693
173392,420693
173394,420693
173395,420693
169990,421002
169992,421002
169996,421002
169997,421002
170063,421002
170064,421002
170065,421002
170069,421002
169900,421005
169902,421005
169966,421005
169969,421005
169952,421006
169953,421006
169955,421006
169962,421006
170029,421006
170030,421006
170034,421006
170036,421006
169976,421009
169979,421009
169980,421009
170043,421009
170045,421009
170046,421009
169835,421010
169836,421010
169838,421010
169840,421010
169915,421010
169916,421010
169917,421010
169919,421010
170033,421012
170037,421012
170039,421012
170094,421012
170095,421012
170097,421012
169862,421013
169864,421013
169866,421013
169867,421013
169941,421013
169943,421013
169945,421013
169948,421013
170048,421015
170050,421015
170053,421015
170055,421015
170123,421015
170126,421015
170127,421015
170128,421015
169818,421016
169819,421016
169823,421016
169824,421016
169873,421016
169874,421016
169876,421016
169878,421016
169531,421060
169532,421060
169534,421060
169524,421061
169527,421061
169528,421061
169428,421062
169430,421062
169432,421062
169434,421062
169435,421062
169548,421063
169551,421063
169538,421065
169539,421065
169541,421069
169543,421069
169544,421069
169547,421069
169879,421252
169881,421252
169882,421252
169883,421252
169950,421252
169951,421252
169954,421252
169956,421252
169851,421254
169852,421254
169921,421254
169923,421254
170020,421255
170021,421255
170025,421255
170026,421255
170086,421255
170089,421255
170090,421255
170091,421255
169925,421256
169929,421256
169930,421256
169931,421256
169933,421256
169998,421256
169999,421256
170004,421256
170008,421256
170009,421256
169826,421259
169827,421259
169829,421259
169832,421259
169886,421259
169889,421259
169890,421259
169894,421259
169906,421260
169908,421260
169909,421260
169910,421260
169983,421260
169986,421260
169987,421260
169988,421260
170005,421264
170007,421264
170072,421264
170073,421264
169892,421267
169895,421267
169897,421267
169970,421267
169973,421267
169975,421267
170078,421337
170079,421337
170080,421337
170081,421337
170144,421337
170148,421337
170149,421337
170151,421337
170110,421372
170111,421372
170112,421372
170179,421372
170180,421372
170182,421372
170118,421378
170119,421378
170121,421378
171281,421379
171282,421379
170107,421380
170108,421380
170177,421380
171301,421382
171302,421382
171304,421382
170103,421383
170104,421383
170156,421383
170158,421383
171295,421386
171298,421386
171299,421386
171291,421391
171294,421391
170057,421392
170058,421392
170060,421392
170132,421392
170134,421392
170135,421392
170082,421393
170085,421393
170159,421393
170162,421393
170101,421397
170165,421397
171925,421593
171928,421593
171930,421593
171351,421602
171352,421602
171355,421602
171439,421602
171440,421602
171442,421602
171917,421616
171918,421616
171919,421616
171371,421628
171372,421628
171457,421628
171459,421628
171362,421644
171364,421644
171365,421644
171446,421644
171450,421644
171454,421644
171476,421647
171477,421647
171480,421647
171481,421652
171482,421652
171485,421652
171488,421652
171901,421654
171902,421654
172044,421655
172045,421655
172088,421655
172089,421655
171856,421657
171857,421657
171852,421658
171853,421658
171407,421659
171408,421659
171410,421659
171416,421659
171417,421659
171418,421659
171490,421659
171492,421659
171495,421659
171497,421659
171498,421659
171499,421659
171873,421667
171874,421667
171876,421667
171879,421667
171322,421853
171323,421853
171326,421853
171401,421853
171405,421853
171406,421853
172755,421948
172756,421948
172807,422006
172809,422006
172648,422007
172652,422007
172656,422007
172659,422007
172562,422009
172728,422010
172729,422010
172730,422010
172733,422010
172783,422011
172786,422011
172790,422011
172794,422011
172527,422013
172528,422013
172529,422013
172820,422014
172821,422014
172824,422014
172060,422015
172154,422015
172220,422017
172221,422017
172223,422017
172227,422017
172825,422018
172828,422018
172830,422018
172064,422022
172065,422022
172066,422022
172067,422022
172146,422022
172147,422022
172148,422022
172149,422022
172567,422023
172568,422023
172570,422023
172579,422023
173128,422024
173132,422024
173136,422024
173137,422024
173084,422034
173085,422034
173088,422034
173090,422034
171892,422134
171893,422134
171859,422148
171861,422148
171863,422148
171865,422148
171881,422149
171885,422149
171887,422149
171888,422149
171890,422149
171815,422155
171816,422155
171819,422155
171820,422155
171821,422155
171895,422163
171899,422163
171900,422163
171905,422182
171906,422182
171910,422182
171911,422195
171913,422195
171387,422200
171389,422200
171921,422203
171922,422203
171335,422214
171337,422214
171340,422214
171343,422214
171344,422214
171421,422214
171422,422214
171425,422214
171426,422214
171428,422214
172029,422217
172030,422217
172031,422217
172080,422217
172081,422217
172082,422217
173458,422323
173461,422323
179385,422354
179387,422354
179392,422354
173490,422356
173496,422356
173501,422356
173504,422356
179307,422376
179309,422376
179310,422376
179312,422376
173867,422377
173869,422377
173870,422378
173873,422378
179181,422379
179187,422379
179190,422379
179194,422379
179198,422379
179199,422379
179200,422379
179201,422379
173556,422380
173561,422380
173562,422380
173563,422380
173565,422380
173416,422381
173417,422381
173418,422381
173419,422381
173422,422381
173425,422381
173454,422382
173455,422382
173876,422383
173878,422383
173879,422383
173594,422384
173596,422384
173599,422384
173604,422384
173436,422386
173438,422386
173439,422386
173440,422386
173444,422391
173445,422391
173447,422391
173448,422391
173570,422399
173572,422399
173574,422399
173575,422399
173576,422399
172164,422516
172167,422516
172050,422518
172051,422518
172099,422518
172100,422518
173139,422521
173140,422521
173100,422523
173101,422523
173092,422535
173094,422535
173096,422535
172241,422539
172243,422539
172252,422539
172256,422539
172261,422539
172263,422539
172266,422539
172268,422539
172091,422543
172095,422543
172096,422543
172097,422543
172482,422543
172484,422543
172485,422543
172486,422543
172812,422546
172815,422546
172816,422546
172589,422551
172592,422551
172749,422563
172752,422563
172214,422569
172216,422569
172218,422569
172219,422569
172864,422570
172867,422570
172869,422570
172871,422570
172876,422570
172517,422589
172521,422589
172523,422589
172524,422589
179419,422785
179420,422785
179421,422785
179424,422785
179411,422803
179412,422803
179480,422813
179481,422813
179449,422826
179451,422826
179453,422826
179454,422826
179496,422829
179499,422829
179327,422838
179332,422838
179333,422838
179127,422842
179128,422842
179131,422842
179135,422842
178620,422847
178621,422847
178624,422847
179520,422849
179522,422849
179524,422849
179528,422849
179530,422849
179504,422851
179505,422851
179072,422855
179077,422855
179080,422855
179081,422855
179085,422855
179107,422862
179114,422862
179116,422862
179118,422862
179122,422862
173402,423070
173405,423070
173407,423070
179840,423296
179841,423296
179844,423296
181211,423305
181215,423305
179616,423306
179617,423306
179712,423307
179713,423307
179714,423307
181221,423308
181224,423308
181228,423308
181229,423308
179866,423310
179870,423310
181176,423311
179598,423312
179600,423312
179603,423312
181217,423315
181218,423315
181222,423315
179919,423316
179921,423316
179926,423316
181673,423317
181674,423317
181675,423317
181677,423317
181679,423317
181682,423317
179861,423320
179863,423320
179865,423320
179869,423320
179871,423320
179873,423320
179877,423320
179879,423320
181198,423321
181199,423321
181200,423321
181204,423321
181110,423322
181113,423322
181120,423322
181126,423322
181207,423323
181208,423323
181213,423323
181162,423324
181167,423324
181169,423324
179511,423325
179517,423325
179519,423325
179685,423335
179686,423335
179687,423335
179688,423335
179690,423335
179695,423335
179651,423337
179653,423337
179657,423337
179660,423337
178491,423438
178495,423438
178497,423438
179157,423441
178419,423442
178420,423442
178421,423442
178425,423442
179091,423448
179094,423448
178399,423452
178401,423452
178403,423452
178405,423452
178437,423461
178408,423474
178409,423474
178574,423477
178575,423477
178576,423477
178581,423477
178584,423477
178585,423477
173429,423511
173432,423511
173434,423511
173435,423511
181243,423605
181245,423605
181230,423611
181232,423611
181235,423613
181236,423613
181237,423613
181238,423613
181667,423614
181668,423614
181670,423614
181671,423614
179749,423738
179751,423738
179752,423738
179531,423747
179534,423747
179536,423747
179538,423747
179547,423765
179548,423765
179549,423765
179551,423765
181194,423770
181195,423770
181188,423777
181189,423777
179887,423782
179889,423782
179892,423782
179895,423782
181151,423791
181154,423791
181155,423791
179826,423792
179828,423792
179876,423801
179878,423801
181356,423953
181358,423953
181449,423956
181336,423957
181346,423957
181348,423957
181351,423957
181436,423964
181437,423964
181440,423964
181441,423964
181390,423966
181393,423966
181399,423966
181407,423966
181271,423974
181272,423974
181273,423974
181295,423978
181301,423978
181303,423978
181310,423978
181246,423980
181248,423980
181404,423982
181406,423982
181278,423989
181282,423989
181284,423989
181285,423989
181689,426143
181690,426143
181692,426143
181696,426146
181697,426146
181699,426146
181681,426150
181684,426150
181494,426153
181501,426153
181508,426153
181518,426153
182037,426154
182042,426154
182048,426154
182051,426154
182053,426154
181465,426156
181471,426156
181462,426166
181464,426166
181478,426168
181482,426168
181484,426168
181485,426168
181298,426244
181306,426244
181311,426244
181314,426244
181297,426247
181300,426247
181308,426247
181249,426259
181252,426259
181254,426259
181255,426259
181257,426259
181261,426259
181435,426262
181262,426265
181263,426265
181264,426265
181711,434641
181714,434641
181712,434650
181715,434650
181751,434659
181757,434659
181759,434659
181764,434659
181768,434659
181532,434687
181541,434687
181542,434687
181546,434687
181614,434688
181618,434688
181472,434689
181473,434689
181457,434695
181458,434695
181463,434695
181468,434695
181580,434698
181581,434698
181488,434700
181497,434700
181502,434700
181507,434700
182133,434869
182134,434869
182135,434869
182019,434872
182018,434876
182020,434876
182023,434876
182026,434876
181842,434888
181854,434888
181863,434888
181891,434892
181893,434892
181910,434897
181912,434897
181915,434897
181916,434903
181918,434903
181923,434903
181925,434903
181926,434903
181885,434909
181886,434909
181888,434909
181890,434909
181892,434909
181804,434952
181818,434955
181821,434955
181824,434955
181827,434955
181809,434959
181816,434959
181815,434964
181822,434964
181823,434964
181828,434964
181795,434969
181796,434969
181801,434969
181881,435324
181882,435324
181884,435324
181873,435325
181874,435325
181875,435327
181876,435327
182014,435328
182016,435328
182848,435329
182849,435329
182852,435329
182853,435329
181900,435330
181902,435330
181908,435330
181911,435330
182422,435342
182424,435342
182425,435342
182427,435342
182143,435345
182144,435345
182207,435346
182210,435346
182213,435346
182145,435353
182146,435353
182079,435357
182083,435357
182084,435357
182099,435358
182100,435358
182105,435359
182107,435359
182108,435359
182110,435359
182372,435363
182374,435363
182215,435367
182067,435368
182070,435368
182116,435374
182117,435374
182118,435374
182086,435385
182087,435385
182088,435385
182093,435385
182750,435654
182754,435654
182757,435654
182762,435654
182695,435659
182700,435659
182701,435659
182708,435661
181942,435664
181946,435664
181953,435664
181961,435664
182767,435666
182768,435666
182770,435666
182771,435666
182775,435666
182778,435666
182089,435715
182096,435715
182097,435715
182162,435718
182168,435718
182119,435723
182121,435723
182122,435723
182340,435724
182341,435724
182071,435729
182073,435729
182076,435729
182078,435729
182338,435730
183631,435730
183635,435730
183650,435730
182832,435736
182972,436996
182973,436996
183018,436996
183019,436996
182814,436997
182815,436997
182817,436997
181845,436998
181851,436998
181866,436998
182870,437125
182876,437125
182877,437125
182879,437125
182155,437126
182156,437126
182158,437126
182170,437126
183264,437134
183270,437134
183271,437134
183276,437134
182926,437135
182927,437135
182929,437135
182933,437135
182950,437135
182954,437135
182956,437135
182959,437135
178181,437154
178182,437154
178188,437154
178189,437154
178147,437157
178151,437157
178152,437157
178213,437159
178215,437165
178222,437167
178224,437167
178201,437168
178204,437168
178206,437168
178207,437169
178208,437169
178243,437210
178245,437210
178248,437210
178250,437210
178253,437218
178255,437218
178256,437218
178257,437218
178261,437218
178325,437219
178326,437219
178387,437220
178393,437220
178394,437220
178395,437220
178315,437221
178317,437221
178319,437221
178322,437221
178175,437252
178176,437252
178164,437253
178166,437253
178300,437294
178301,437294
178302,437294
178294,437298
178296,437298
178284,437299
178286,437299
178288,437299
174228,437424
174229,437424
174231,437429
174233,437429
174234,437429
174235,437429
174240,437430
174244,437430
174245,437430
174247,437430
174249,437430
174250,437430
173885,437445
173887,437445
173891,437445
173896,437445
173899,437445
173904,437445
173946,437448
173947,437448
173950,437448
173953,437448
173968,437450
173970,437450
173972,437450
173929,437452
173931,437452
174776,437520
174330,437521
174331,437521
174333,437521
174335,437521
174315,437524
174317,437524
174377,437528
174378,437528
174361,437530
174364,437530
174726,437533
174730,437533
174301,437534
174304,437534
174309,437534
174264,437539
174265,437539
174251,437543
174253,437543
174267,437544
174268,437544
174270,437544
174255,437546
174256,437546
174258,437546
174261,437546
174902,437692
174903,437692
174904,437692
174909,437692
174910,437692
174911,437692
174912,437692
174345,437709
174346,437709
174351,437709
174352,437709
174296,437711
174298,437711
174884,437761
174886,437761
174891,437761
174892,437761
174893,437761
175697,437983
175699,437983
174608,437985
174609,437985
174611,437985
174612,437985
174602,437986
174605,437986
174606,437986
174765,438017
174767,438017
174769,438017
174661,438019
174662,438019
175693,438029
175694,438029
175695,438029
174914,438101
174918,438101
174937,438102
174939,438102
174875,438109
174697,438115
174698,438115
174700,438115
174621,438116
174624,438116
174799,438118
174801,438118
174780,438119
174782,438119
174783,438119
174856,438122
174863,438122
174866,438122
174870,438122
174872,438122
175315,438375
175316,438375
175332,438376
175333,438376
175335,438376
174924,438377
174927,438377
176275,438775
176276,438775
176277,438775
176278,438775
176198,438777
176203,438777
176204,438777
176205,438777
176243,438778
176245,438778
176246,438778
176229,438779
176232,438779
176233,438779
176234,438779
176235,438779
176260,438793
176263,438793
176285,438794
176265,438795
176266,438795
176268,438796
176270,438796
176272,438796
176257,438801
176259,438801
176283,438802
176249,438804
176250,438804
176251,438804
176252,438804
176374,438966
176377,438966
176379,438966
176289,438967
176291,438967
176295,438967
176297,438967
176303,438968
176305,438968
176306,438968
176307,438968
176585,442392
176587,442392
176588,442392
176591,442392
176311,442394
176312,442394
176313,442394
176319,442394
176321,442394
176406,455337
176381,455339
176382,455339
176391,455340
176392,455340
176393,455340
176386,455342
176387,455342
176389,455342
176398,460417
176399,460417
176401,460417
176333,460419
176336,460419
176457,464230
176460,464230
176464,464230
176468,464230
176482,464233
176484,464233
176485,464233
176486,464233
176424,464236
176425,464236
176427,464236
176529,464746
176535,464746
176536,464746
176539,464746
176505,464748
176506,464748
176519,464750
176521,464750
176522,464750
176556,464751
176558,464751
176532,464752
176534,464752
176540,464754
176541,464754
176544,464754
176488,464755
176489,464755
176410,464758
176411,464758
176413,464758
176414,464758
176416,464761
176417,464761
176419,464761
176448,464762
176456,464762
176595,464785
176597,464785
176598,464785
176577,464789
176579,464789
176580,464789
176582,464789
176572,464792
176573,464792
176576,464792
176603,464795
176606,464795
176608,464795
176609,464795
176514,464803
176515,464803
176516,464803
176626,464975
176627,464975
176628,464975
176630,464975
176651,464977
176652,464977
176653,464977
176704,464979
176708,464979
176710,464979
176712,464979
176611,464980
176612,464980
176735,464981
176737,464981
176739,464981
176740,464981
176781,464982
176784,464982
176840,466092
176842,466092
176843,466092
176846,466092
176743,466111
176748,466111
176751,466111
176617,466112
176618,466112
176810,466159
176811,466159
176814,466159
176806,466160
176808,466160
176833,466162
176834,466162
176835,466162
177243,466176
177247,466176
177252,466176
177253,466176
177235,466183
177240,466183
177255,466192
177256,466192
177221,466193
177226,466193
177227,466193
177228,466193
176893,466234
176895,466234
176896,466234
176900,466235
176901,466235
176902,466235
176906,466235
176870,466238
176872,466238
176873,466238
176875,466238
176877,466238
176858,466242
176859,466242
176862,466242
176864,466242
176866,466242
176867,466242
177258,466433
177260,466433
177229,466437
177230,466437
177234,466437
177538,466628
177539,466628
177540,466628
177544,466628
177518,466637
177519,466637
177520,466637
177521,466637
177532,466644
177534,466644
177535,466644
177537,466644
177524,466652
177525,466652
177526,466652
177338,466656
177340,466656
177558,466717
177559,466717
177561,466717
177563,466717
177566,466717
177551,466731
177554,466731
177556,466731
177557,466731
177578,466739
177580,466739
177592,466741
177593,466741
177595,466741
177582,466750
177585,466750
177588,466750
177589,466750
177262,466801
177263,466801
177267,466801
177546,466802
177548,466802
177488,466803
177489,466803
177493,466803
177606,466828
177609,466828
177610,466828
177614,466828
177615,466828
189248,466831
189250,466831
177634,466832
177636,466832
189206,466834
189209,466834
189366,466835
189369,466835
189362,466841
189365,466841
189407,466846
189409,466846
189441,466849
189442,466849
189444,466849
189390,466850
189391,466850
189392,466850
189397,466850
177650,466857
177652,466857
177656,466857
177657,466857
177625,466869
177630,466869
177633,466869
189395,466876
189401,466876
177644,466879
177645,466879
189131,466880
189134,466880
189380,466884
189383,466884
189384,466884
189356,466895
189359,466895
189361,466895
177616,466896
177618,466896
177619,466896
177620,466896
177621,466896
177623,466896
189135,466897
189423,466899
189426,466899
189411,466906
189412,466906
189372,466908
189376,466908
189377,466908
189378,466908
189379,466908
189121,466911
189123,466911
189124,466911
189127,466911
189128,466911
189415,466916
189416,466916
189417,466916
189418,466916
177568,466964
177571,466964
177599,466965
177601,466965
177603,466965
177574,466967
177576,466967
177577,466967
177859,467102
177861,467102
177864,467102
177647,467105
177648,467105
190207,467106
190210,467106
190228,467109
190233,467109
190235,467109
190196,467115
190198,467115
190202,467115
190203,467115
190204,467115
190205,467115
190139,467119
190141,467119
190142,467119
190147,467119
190148,467119
190149,467119
190151,467125
190156,467125
190129,467128
190132,467128
190154,467135
190159,467135
190164,467135
190166,467135
190170,467138
190171,467138
190172,467138
190212,467139
190215,467139
190222,467139
190213,467152
190216,467152
190218,467152
190221,467152
190099,467159
190100,467159
188717,467160
188719,467160
188721,467160
190120,467166
190175,467170
190180,467170
190184,467170
190185,467170
190189,467170
190192,467170
190133,467172
190137,467172
190138,467172
190118,467173
190104,467175
190106,467175
190108,467175
190121,467176
190123,467176
190182,467179
190190,467179
190191,467179
190193,467179
188680,467181
188681,467181
188682,467181
188683,467181
188684,467181
188689,467181
177639,467252
177640,467252
177598,467253
177600,467253
189347,467254
177795,467283
177797,467283
177799,467283
177764,467285
177765,467285
177767,467285
177663,467287
177664,467287
177665,467287
177667,467287
190427,467291
190430,467291
190431,467291
190435,467291
190436,467291
177806,467293
177810,467293
177812,467293
190326,467296
190316,467297
190350,467301
190354,467301
190357,467301
190360,467301
190304,467304
190307,467304
190310,467304
190389,467305
190392,467305
190402,467305
190362,467306
190363,467306
190373,467311
190375,467311
190376,467311
177936,467312
177939,467312
190328,467314
190329,467314
190335,467314
190339,467314
190342,467314
177820,467324
177822,467324
177957,467326
177800,467330
177802,467330
177803,467330
177910,467334
177916,467334
177917,467334
177918,467334
190314,467337
190344,467341
190346,467341
190347,467341
190301,467344
190305,467344
190318,467345
190380,467346
190383,467346
190384,467346
190386,467346
190327,467350
190333,467350
190337,467350
190317,467351
190322,467351
190324,467351
190349,467357
190353,467357
190394,467360
190396,467360
190366,467367
190370,467367
190371,467367
190372,467367
190393,467370
190398,467370
190404,467370
190455,468071
190458,468071
190460,468071
177887,468073
177888,468073
190407,468074
190408,468074
177993,468076
177997,468076
178000,468076
190388,468077
190395,468077
177854,468079
177855,468079
189780,468101
191117,468104
191118,468104
189707,468107
189711,468107
189712,468107
191107,468108
191110,468108
189848,468110
191104,468111
191112,468115
191114,468115
189789,468119
189790,468119
189791,468119
189793,468119
189796,468119
191103,468136
191119,468140
191097,468146
191098,468146
191099,468146
191100,468146
188669,468267
188670,468267
188671,468267
188675,468267
188677,468267
188740,468275
188741,468275
188743,468275
188746,468275
188734,468282
188736,468282
188738,468282
191148,468283
191150,468283
191125,468285
191130,468285
188662,468286
188663,468286
188665,468286
191170,468296
191174,468296
188722,468298
188723,468298
188727,468298
188731,468298
188732,468298
188733,468298
188692,468301
188694,468301
188696,468301
188700,468301
188702,468301
178040,468380
178044,468380
178059,468380
178060,468380
178063,468380
178134,468393
178137,468393
178139,468393
177978,468397
177980,468397
178101,468402
178104,468402
178105,468402
178117,468410
178118,468410
178121,468410
178122,468410
178123,468410
178043,468476
178047,468476
178056,468476
178067,468476
177965,468477
177969,468477
177971,468477
178109,468479
178110,468479
184350,468485
184354,468485
184356,468485
184357,468485
185773,468496
185775,468496
185778,468496
184340,468498
184343,468498
184346,468498
184308,468509
184309,468509
184313,468509
184338,468602
184339,468602
184342,468602
184344,468602
185765,468603
185768,468603
185769,468603
185771,468603
185776,468605
185780,468605
185784,468605
185785,468605
185829,468646
185830,468646
185831,468646
185832,468646
185833,468646
185874,468649
185877,468649
185878,468649
185880,468649
185838,468650
185840,468650
185841,468650
185842,468650
185850,468654
185852,468654
185853,468654
185855,468654
185844,468659
185845,468659
185846,468659
185858,468709
185859,468709
185862,468709
185868,468709
185861,468711
185867,468711
185869,468711
185872,468711
185882,468712
185883,468712
185920,468771
185921,468771
185923,468771
185925,468771
185888,468775
185889,468775
185890,468775
185891,468775
185894,468775
185895,468775
185899,468779
185900,468779
185943,468781
185945,468781
185949,468781
185977,469011
185982,469011
185985,469011
185999,469013
186003,469013
185984,469021
185987,469021
185993,469021
185996,469021
189713,469214
189714,469214
189715,469214
189719,469214
189720,469214
189701,469216
189704,469216
189585,469217
189586,469217
189564,469218
189566,469218
189570,469218
189575,469218
189802,469220
189803,469220
189805,469220
189807,469220
189810,469226
189813,469226
189814,469226
189815,469226
184199,469235
184201,469235
184211,469238
184212,469238
189723,469249
189725,469249
189726,469249
189730,469249
189799,469255
189552,469256
189553,469256
189558,469256
189560,469256
189561,469256
189731,469259
189732,469259
189734,469259
189736,469259
184202,469260
184203,469260
184205,469260
189514,469264
189515,469264
189517,469264
189519,469264
189781,469266
189782,469266
189787,469266
189788,469266
189454,469267
189459,469267
189460,469267
189461,469267
189568,469268
189571,469268
189573,469268
189469,469269
189471,469269
189476,469271
189478,469271
189578,469272
189581,469272
189582,469272
189502,469278
189503,469278
189504,469278
189505,469278
189451,469279
189452,469279
189455,469279
188712,469319
188715,469319
184325,469403
184327,469403
184328,469403
184331,469403
184334,469403
184335,469403
190091,469406
190093,469406
190097,469411
190098,469411
190065,469413
190066,469413
184304,469419
184306,469419
189951,469424
189952,469424
189971,469428
189972,469428
189973,469428
189976,469428
189900,469429
189902,469429
189904,469429
184256,469434
184257,469434
184258,469434
189981,469436
189984,469436
189985,469436
189986,469436
190087,469443
190089,469443
190090,469443
190031,469446
190034,469446
190061,469447
190062,469447
184259,469449
184263,469449
184266,469449
184270,469449
184272,469449
184275,469449
184279,469449
190069,469452
190070,469452
190072,469452
190074,469452
190037,469455
190038,469455
190041,469455
190042,469455
190055,469456
190057,469456
190060,469456
189959,469458
189961,469458
189968,469458
189969,469458
189955,469459
189957,469459
190002,469460
190003,469460
190004,469460
190078,469461
190079,469461
190082,469461
190084,469461
189960,469464
189966,469464
189996,469467
189998,469467
189999,469467
190000,469467
189905,469473
189906,469473
189907,469473
189909,469473
189914,469473
184295,469552
184298,469552
184286,469556
184288,469556
184289,469556
184290,469556
184292,469556
184268,469560
184271,469560
184274,469560
186538,469600
186541,469600
186542,469600
186523,469601
186524,469601
186528,469603
186529,469603
191366,469606
191367,469606
191368,469606
186531,469607
186532,469607
186533,469607
186536,469607
190261,469608
190266,469608
190267,469608
190269,469608
190270,469608
190272,469608
190260,469612
190227,469614
190234,469614
190236,469614
191349,469615
191352,469615
190237,469616
190241,469616
190242,469616
186555,469617
186556,469617
191301,469618
191305,469618
186551,469619
191336,469622
191341,469622
191343,469622
191345,469622
191347,469622
190618,469624
190625,469624
190627,469624
190628,469624
190633,469624
190634,469624
190635,469624
190636,469624
190638,469624
190640,469624
186546,469627
186547,469627
186548,469627
191311,469632
191312,469632
191313,469632
191314,469632
191316,469632
186552,469635
186561,469635
186562,469635
186563,469635
191317,469638
191321,469638
191322,469638
191323,469638
191325,469638
190279,469642
190284,469642
190285,469642
190286,469642
190244,469644
190246,469644
191292,469646
191293,469646
191298,469646
191300,469646
191302,469646
191304,469646
190250,469647
190252,469647
190253,469647
190256,469647
190257,469647
190288,469649
190293,469649
190299,469649
190303,469649
190248,469650
190273,469654
190274,469654
190276,469654
190289,469659
190294,469659
190295,469659
190297,469659
191287,469744
191241,469749
190649,469782
190653,469782
190480,469784
190481,469784
190482,469784
190483,469784
191277,469789
191278,469789
191279,469789
191280,469789
191284,469789
191252,469792
191254,469792
191128,469795
191133,469795
191134,469795
191135,469795
186600,469800
186601,469800
186604,469800
190469,469804
190472,469804
190411,469806
190414,469806
190418,469806
190419,469806
190420,469806
190421,469806
190423,469806
190426,469806
186568,469807
186569,469807
186572,469807
186573,469807
186574,469807
186579,469807
190446,469810
190448,469810
190450,469810
186631,469818
186633,469818
186634,469818
190648,469819
190650,469819
190652,469819
190655,469819
190660,469819
191259,469821
191261,469821
191262,469821
191264,469821
186608,469822
186614,469822
186618,469822
191205,469824
191206,469824
190486,469825
190488,469825
190492,469825
190493,469825
191266,469828
191269,469828
190611,469830
190612,469830
190614,469830
190616,469830
190626,469830
191270,469831
191273,469831
191274,469831
190454,469832
190457,469832
190459,469832
190461,469832
190464,469832
190437,469835
190439,469835
190641,469837
190642,469837
190643,469837
186588,470039
186589,470039
186584,470046
186585,470046
186587,470046
186590,470046
186593,470052
186594,470052
186596,470052
186598,470052
186607,470053
186611,470053
186613,470053
186624,470053
186625,470053
191049,470098
191231,470098
191232,470098
191234,470098
191237,470101
191239,470101
191088,470102
191089,470102
191090,470102
191091,470102
191255,470102
191256,470102
191151,470109
191153,470109
191156,470109
191175,470110
191176,470110
190680,470111
190661,470115
190662,470115
190681,470127
190682,470127
190685,470127
190687,470127
190695,470130
190698,470130
190665,470132
190666,470132
190668,470132
190669,470132
190672,470132
190675,470132
190678,470132
191046,470136
191224,470136
191225,470136
191227,470136
191230,470136
190699,470138
190703,470138
190704,470138
190706,470138
186663,470308
186665,470308
186667,470308
188586,470309
188587,470309
188615,470310
188616,470310
188617,470310
188621,470310
186728,470313
186729,470313
191209,470314
191207,470315
188623,470316
188625,470316
188627,470316
188572,470318
188574,470318
188575,470318
188576,470318
191211,470322
191213,470322
186645,470325
186647,470325
186649,470325
188566,470326
188567,470326
188570,470326
191187,470327
191188,470327
188630,470329
188631,470329
186700,470334
186703,470334
186704,470334
186708,470334
191191,470335
191192,470335
191195,470335
191196,470335
191201,470340
191202,470340
188590,470341
188595,470341
188596,470341
188597,470341
188580,470348
188542,470350
188545,470350
188546,470350
188549,470350
188551,470350
188552,470350
188554,470350
188555,470350
188558,470350
188561,470350
188563,470350
188633,470352
188634,470352
188579,470359
188582,470359
188584,470359
188604,470363
188607,470363
188610,470363
188612,470363
188613,470363
186650,470439
186651,470439
186654,470439
186675,470445
186676,470445
186677,470445
203583,470493
203584,470493
203417,470494
203419,470494
203421,470494
203477,470497
203481,470497
203483,470497
203438,470499
203441,470499
203446,470499
203497,470500
203502,470500
203503,470500
203504,470500
203506,470500
203641,470507
203642,470507
203636,470508
203638,470508
203396,470511
203644,470512
203645,470512
203300,470515
203303,470515
203306,470515
203633,470516
203635,470516
203352,470523
203354,470523
203359,470523
203362,470523
203334,470536
203335,470536
203336,470536
203339,470536
203341,470536
203985,470537
203632,470541
203634,470541
203621,470543
203627,470543
203473,470544
203460,470546
203463,470546
203464,470546
203507,470547
203509,470547
203512,470547
203298,470549
203304,470549
203310,470549
203311,470549
203312,470549
203314,470549
203315,470549
203620,470550
203625,470550
203479,470551
203482,470551
203485,470551
203511,470563
203513,470563
203516,470563
203520,470563
203411,470652
203412,470652
203413,470652
186684,470659
186685,470659
186687,470659
186690,470659
203651,470661
203652,470661
203653,470661
203689,470804
203856,470806
203858,470806
203862,470806
203900,470807
203868,470808
203869,470808
203839,470811
203840,470811
203843,470811
203844,470811
203915,470812
203918,470812
203923,470814
203877,470819
203879,470819
203882,470819
203776,470830
203781,470830
203782,470830
203816,470831
203819,470831
203820,470831
203821,470831
203783,470839
203784,470839
203786,470839
203790,470839
203759,470841
203760,470841
203848,470863
203849,470863
203735,470866
203737,470866
203899,470867
203886,470868
203888,470868
203891,470868
203761,470870
203762,470870
203767,470870
203770,470870
203893,470872
203897,470872
203895,470874
203789,470876
203881,470883
203884,470883
203824,470891
203826,470891
203827,470891
203828,470891
203831,470891
203832,470891
203833,470891
203835,470891
203695,470942
203697,470942
203699,470942
203700,470942
203704,470944
203705,470944
203707,470944
203672,470945
203673,470945
203675,470945
203677,470945
203982,470974
203983,470974
203902,470975
203904,470975
203907,470975
203977,470977
203979,470977
204021,470978
204023,470978
204026,470978
204029,470978
204066,470980
204068,470980
204070,470980
204057,470985
204058,470985
204059,470985
204060,470985
203908,470995
203909,470995
203914,470995
203917,470995
203919,470995
204077,470997
204303,470998
204304,470998
203974,471004
203975,471004
203976,471004
203942,471014
203945,471014
203946,471014
203949,471014
204087,471031
204090,471031
203996,471041
203997,471041
204000,471041
204003,471041
204010,471041
204014,471041
204016,471041
186694,471098
186698,471098
203931,471103
203936,471103
203938,471103
203939,471103
203941,471103
203964,471106
203968,471106
203969,471106
204135,471145
204136,471145
204138,471145
204139,471145
204142,471145
204145,471145
204146,471145
204097,471146
204102,471146
204104,471146
204108,471146
204112,471146
204169,471148
204170,471148
204172,471148
204171,471150
204175,471150
204177,471150
204178,471150
204182,471150
204278,471156
204277,471157
204123,471160
204124,471160
204126,471160
204098,471164
204099,471164
204106,471164
204129,471172
204130,471172
204133,471172
204156,471176
204157,471176
204183,471179
204185,471179
204186,471179
204188,471179
204190,471179
204212,471184
204213,471184
204216,471184
204218,471184
204240,471185
204241,471185
204242,471185
204247,471185
204267,471192
204268,471192
204269,471192
204270,471192
204200,471198
204203,471198
204119,471304
204121,471304
203203,471364
203205,471364
203206,471364
203209,471364
203085,471367
203156,471369
203158,471369
203159,471369
203163,471369
202764,471370
202766,471370
202768,471370
202769,471370
202822,471374
202823,471374
202826,471374
202827,471374
202830,471374
203030,471375
203033,471375
203034,471375
203036,471375
203037,471375
203038,471375
203043,471375
203111,471376
203112,471376
203115,471376
203116,471376
202772,471377
202774,471377
202806,471380
202807,471380
202811,471380
202707,471383
202708,471383
202710,471383
202712,471383
203053,471389
203054,471389
203055,471389
203059,471389
203061,471389
203062,471389
203063,471389
203065,471389
203068,471389
203070,471389
203229,471394
203231,471394
203268,471395
203211,471402
203212,471402
203213,471402
202727,471404
202728,471404
202729,471404
202730,471404
202732,471404
202735,471404
202744,471404
203178,471410
203181,471410
203182,471410
202942,471411
202945,471411
202802,471412
202803,471412
202805,471412
202734,471414
202736,471414
202738,471414
202745,471414
202840,471416
202844,471416
202845,471416
203145,471418
203146,471418
203149,471418
203150,471418
202796,471419
202798,471419
202934,471422
202937,471422
203184,471424
203187,471424
203189,471424
203265,471425
203267,471425
203277,471428
202929,471429
202930,471429
202932,471429
202933,471429
203122,471431
203127,471431
203129,471431
203131,471431
203217,471434
203219,471434
203221,471434
202989,471442
202992,471442
202994,471442
202995,471442
202999,471442
203002,471442
203003,471442
203005,471442
203006,471442
203009,471442
203010,471442
203012,471442
203015,471442
203016,471442
203017,471442
204355,471648
204356,471648
204357,471648
204346,471650
204350,471650
204351,471650
204352,471650
204328,471655
204331,471655
204332,471655
204334,471655
204315,471656
204317,471656
204337,471663
204338,471663
204339,471663
204343,471663
204424,471664
204425,471664
204417,471666
204418,471666
204415,471667
204406,471670
204410,471670
204377,471672
204379,471672
204381,471672
204382,471672
204422,471673
204367,471674
191214,471676
204370,471677
204373,471677
204407,471678
204408,471678
204412,471678
189447,471680
189449,471680
204354,471685
204309,471687
204310,471687
204312,471687
204314,471687
204362,471697
204363,471697
204365,471697
204288,471940
204289,471940
204291,471940
204324,471942
204325,471942
204326,471942
204319,471948
204322,471948
204290,471952
204294,471952
204298,471952
204300,471952
204301,471952
204713,472026
204715,472026
204716,472026
204798,472026
204800,472026
204805,472026
204538,472030
204534,472034
204633,472041
204639,472041
204640,472041
204646,472041
204682,472041
204684,472041
204687,472041
204688,472041
204491,472042
204492,472042
204494,472042
204497,472042
204499,472042
204541,472042
204542,472042
204544,472042
204546,472042
204547,472042
204670,472050
204671,472050
204672,472050
204673,472050
204743,472050
204744,472050
204745,472050
204750,472050
204757,472058
204759,472058
204761,472058
204809,472058
204813,472058
204814,472058
204690,472065
204691,472065
204693,472065
204694,472065
204697,472065
204609,472068
204610,472068
204675,472068
204677,472068
204607,472076
204679,472076
204582,472078
204585,472078
204588,472078
204589,472078
204594,472078
204595,472078
204596,472078
204625,472078
204626,472078
204628,472078
204630,472078
204632,472078
204638,472078
204644,472078
204505,472092
204507,472092
204509,472092
204529,472092
204530,472092
204533,472092
204696,472201
204698,472201
204704,472201
204706,472201
204763,472201
204764,472201
204767,472201
204771,472201
205037,472297
205038,472297
205039,472297
205041,472297
205106,472297
205107,472297
205108,472297
205110,472297
204822,472306
204824,472306
204828,472306
204891,472306
204892,472306
204896,472306
204985,472307
204988,472307
205040,472307
205044,472307
204943,472308
204945,472308
204946,472308
204947,472308
204948,472308
204989,472308
204990,472308
204992,472308
204998,472308
205001,472308
204973,472310
205031,472310
204753,472312
204754,472312
204755,472312
204829,472312
204832,472312
204836,472312
204969,472316
204970,472316
204991,472316
204996,472316
204899,472326
204900,472326
204903,472326
204904,472326
204977,472326
204978,472326
204979,472326
204980,472326
186716,472331
186718,472331
186719,472331
186723,472331
186724,472331
205029,472333
205032,472333
205034,472333
205070,472333
205071,472333
205074,472333
204931,472334
204933,472334
204934,472334
204938,472334
205005,472334
205006,472334
205008,472334
205010,472334
204737,472335
204740,472335
204741,472335
204742,472335
204845,472335
204846,472335
204848,472335
204852,472335
205065,472339
205068,472339
205145,472339
205146,472339
204974,472342
205050,472347
205052,472347
205055,472347
205056,472347
205062,472347
205111,472347
205114,472347
205117,472347
205119,472347
205120,472347
204962,472348
205014,472348
204877,472349
204879,472349
205004,472353
204865,472356
204866,472356
204869,472356
204920,472356
204923,472356
204925,472356
186691,472473
186692,472473
186701,472473
204792,472475
204793,472475
204795,472475
204796,472475
204854,472475
204855,472475
204856,472475
204860,472475
204797,472477
204802,472477
204806,472477
204873,472477
204874,472477
204875,472477
205061,472483
205063,472483
205163,472483
205166,472483
204765,472484
204770,472484
204775,472484
204777,472484
204816,472484
204818,472484
204820,472484
204821,472484
205095,472487
205096,472487
205099,472487
205102,472487
205193,472575
205196,472575
205259,472575
205263,472575
205422,472577
205488,472577
205400,472578
205460,472578
205157,472582
205158,472582
205159,472582
205241,472582
205242,472582
205243,472582
205418,472584
205420,472584
205461,472584
205463,472584
205403,472591
205404,472591
205405,472591
205407,472591
205408,472591
205501,472591
205503,472591
205505,472591
205506,472591
205508,472591
205085,472595
205088,472595
205092,472595
205171,472595
205176,472595
205184,472595
205186,472603
205189,472603
205190,472603
205192,472603
205248,472603
205252,472603
205253,472603
205255,472603
205271,472621
205273,472621
205275,472621
205341,472621
205343,472621
205344,472621
205412,472622
205414,472622
205467,472622
205470,472622
205381,472625
205388,472625
205438,472625
205440,472625
205353,472626
205358,472626
205423,472626
205425,472626
205416,472630
205466,472630
205238,472632
205240,472632
205288,472632
205289,472632
202791,478011
202792,478011
202794,478011
202795,478011
205152,478016
205154,478016
205227,478016
205229,478016
205121,478018
205126,478018
205129,478018
205199,478018
205207,478018
205210,478018
205091,478020
205094,478020
205161,478020
205162,478020
202819,478021
202821,478021
202759,478025
202761,478025
203074,481477
203075,481477
203021,481480
203027,481485
202964,481487
202965,481487
202966,481487
202832,481488
202834,481488
202836,481488
202837,481488
202941,481489
202947,481489
202949,481489
202950,481489
202951,481489
202869,481492
202872,481492
202908,481494
202911,481494
202977,481501
202978,481501
202980,481501
202982,481501
202969,481502
202970,481502
202973,481502
202975,481502
203088,481508
203089,481508
203099,481508
203100,481508
203101,481508
203102,481508
203107,481508
202884,481509
202886,481509
202888,481509
202847,481511
202848,481511
202850,481511
203048,481513
203049,481513
202985,481523
202987,481523
202915,481525
202916,481525
202918,481525
202921,481525
202923,481525
202925,481525
203008,481527
202953,481529
202954,481529
202955,481529
202957,481529
202961,481529
203077,481659
203078,481659
203080,481659
203082,481659
203091,481664
203092,481664
203097,481664
191365,481670
191369,481670
191371,481670
191373,481670
191354,481678
191357,481678
191358,481678
191359,481678
191362,481678
203196,481770
203199,481770
203200,481770
203250,481771
203251,481771
203253,481771
203257,481771
203258,481771
203169,481772
203171,481772
203172,481772
203173,481772
203175,481772
203223,481776
203224,481776
203225,481776
203228,481776
203235,481776
203236,481776
203138,481791
203139,481791
203143,481791
191122,481801
191123,481801
203239,481808
203240,481808
203241,481808
203242,481808
203243,481808
203247,481808
203550,482083
203552,482083
203524,482084
203527,482084
203528,482084
203530,482084
203585,482085
203587,482085
203588,482085
203589,482085
203590,482085
203597,482085
203598,482085
191379,482090
191382,482090
191384,482090
191388,482090
203462,482095
203344,482097
203346,482097
203347,482097
203350,482097
203449,482102
203451,482102
203452,482102
203456,482102
203423,482104
203425,482104
203573,482115
203531,482119
203533,482119
203402,482120
203403,482120
203405,482120
203406,482120
203565,482125
203570,482125
203571,482125
203572,482125
203576,482125
203495,482129
203271,482133
203272,482133
203274,482133
203275,482133
203488,482134
203522,482135
203395,482224
203400,482224
203366,482228
203368,482228
203371,482228
203376,482228
203428,482230
203429,482230
203435,482230
203465,482231
203471,482231
203472,482231
191424,482293
191427,482293
191429,482293
191430,482293
191432,482293
191433,482293
191437,482293
191391,482294
191393,482294
191395,482294
191556,482296
191405,482306
191411,482306
191412,482306
191414,482306
191396,482315
191399,482315
191401,482315
191402,482315
191606,482322
191607,482322
191608,482322
191613,482322
191615,482322
191616,482322
191621,482323
191622,482323
191555,482324
191558,482326
191560,482326
191563,482326
191564,482326
191625,482327
191626,482327
191627,482327
191580,482328
191582,482328
191585,482328
191593,482330
191594,482330
191596,482330
191598,482330
191420,482470
191423,482470
191407,482484
191409,482484
191413,482484
191419,482484
191439,482489
191443,482489
191447,482489
191448,482489
191738,482587
191743,482591
191744,482591
191745,482591
191717,482592
191721,482592
191722,482592
191727,482592
191732,482592
191733,482592
191654,482609
191694,482610
191695,482610
191755,482619
191760,482619
191763,482619
191773,482619
191777,482619
191781,482619
191756,482625
191759,482625
191762,482625
191764,482625
191768,482625
191451,482755
191452,482755
191456,482755
191457,482755
191459,482755
191470,482761
191472,482761
191473,482761
191477,482761
191440,482763
191445,482763
191460,482769
191464,482769
191467,482769
191468,482769
191469,482769
192092,482851
191843,482852
191531,482857
191532,482857
191534,482857
191535,482857
191497,482858
191501,482858
191504,482858
191517,482860
191519,482860
191800,482863
191814,482866
191815,482866
191819,482866
191820,482866
191494,482873
191496,482873
191500,482873
191506,482873
191507,482873
191508,482873
191513,482873
191515,482873
191850,482876
191853,482876
191480,482977
191482,482977
191484,482977
191487,482977
191538,482980
191539,482980
191520,482984
191521,482984
191525,482984
191527,482984
191481,482992
191483,482992
191488,482992
191491,482992
191940,483066
191943,483066
191944,483066
191946,483066
191966,483067
191968,483067
191971,483067
191978,483067
191981,483067
191982,483067
194284,483071
194288,483071
194296,483071
194233,483073
194241,483073
194245,483073
194276,483075
194278,483075
194281,483075
194294,483075
191886,483076
194274,483084
194277,483084
194280,483084
194285,483084
191870,483087
191871,483087
191883,483089
191884,483089
191890,483089
191894,483089
191967,483099
191970,483099
191974,483099
191977,483099
191979,483099
191953,483101
191954,483101
191956,483101
191958,483101
191929,483105
191931,483105
191874,483107
191876,483107
194240,483244
194244,483244
194286,483245
194290,483245
194295,483245
194314,483247
194315,483247
194318,483247
194205,483249
194209,483249
194211,483249
194212,483249
192026,483286
192060,483295
192061,483295
192063,483295
192070,483295
192044,483296
192045,483296
192046,483296
192056,483297
192058,483297
192075,483298
192076,483298
192082,483298
192084,483298
192557,483304
192558,483304
192559,483304
192560,483304
192062,483311
192064,483311
192081,483312
192083,483312
192087,483312
192089,483312
192073,483313
192074,483313
192047,483314
192049,483314
192052,483314
192054,483314
192462,483317
192469,483317
192719,483320
192671,483322
192673,483322
192030,483328
192031,483328
192033,483328
192034,483328
192036,483328
192038,483328
192496,483329
192497,483329
192502,483329
192503,483329
192508,483329
192732,483413
192101,483590
192102,483590
192172,483591
192174,483591
192177,483591
192178,483591
192179,483591
192180,483591
192130,483595
192131,483595
192133,483595
192136,483595
192137,483595
192106,483605
192153,483607
192154,483607
192107,483618
192108,483618
192119,483620
192123,483620
192124,483620
192096,483621
192097,483621
192098,483621
192113,483632
192116,483632
192118,483632
192125,483632
192127,483632
192415,483945
192417,483945
192418,483945
192422,483945
192428,483945
192199,483950
192202,483950
192289,483952
192293,483952
192294,483952
194411,483953
194415,483953
192192,483954
192193,483954
192195,483954
192196,483954
192215,483959
192218,483959
192221,483959
192222,483959
194385,483961
194389,483961
194393,483961
194395,483961
192306,483966
192307,483966
192311,483978
192203,483987
192206,483987
192283,483990
192284,483990
192286,483990
192243,484003
192245,484003
192246,484003
192247,484003
192249,484003
192250,484003
194414,484161
194419,484161
194420,484161
194378,484164
194383,484164
194384,484164
194452,484249
194454,484249
194460,484249
194865,484269
194868,484269
194441,484276
194442,484276
194443,484276
194448,484276
194427,484445
194428,484445
194437,484452
194440,484452
194548,484534
194550,484534
194553,484534
194554,484534
194477,484540
194481,484540
194482,484540
194871,484543
194872,484543
194873,484543
194535,484562
194542,484562
194530,484563
194531,484563
194532,484563
194536,484568
194541,484568
194543,484568
194545,484568
194494,484715
194495,484715
194496,484715
194499,484715
194483,484724
194487,484724
194488,484724
194489,484724
